first_name,last_name,email,password
Nathen,Legros,Arnaldo.Nicolas@yahoo.com,$2b$08$BqdB1xemIuqmHk5tw9dJSOJeYrYYxZYZQJl.IAndz809ahOgOCpFy
Ansel,Towne,Carolyne37@hotmail.com,$2b$08$BqdB1xemIuqmHk5tw9dJSOJeYrYYxZYZQJl.IAndz809ahOgOCpFy
Graham,Hirthe,Erna64@gmail.com,$2b$08$BqdB1xemIuqmHk5tw9dJSOJeYrYYxZYZQJl.IAndz809ahOgOCpFy
Joannie,Stiedemann,Margarette42@gmail.com,$2b$08$BqdB1xemIuqmHk5tw9dJSOJeYrYYxZYZQJl.IAndz809ahOgOCpFy
Kallie,Morar,Sophie_Gerlach38@yahoo.com,$2b$08$BqdB1xemIuqmHk5tw9dJSOJeYrYYxZYZQJl.IAndz809ahOgOCpFy
Aurelio,Rutherford,Pete76@hotmail.com,$2b$08$BqdB1xemIuqmHk5tw9dJSOJeYrYYxZYZQJl.IAndz809ahOgOCpFy
Emmett,Williamson,Cristobal.Schmidt90@hotmail.com,$2b$08$BqdB1xemIuqmHk5tw9dJSOJeYrYYxZYZQJl.IAndz809ahOgOCpFy
Ines,Lakin,Melissa_OKeefe27@gmail.com,$2b$08$BqdB1xemIuqmHk5tw9dJSOJeYrYYxZYZQJl.IAndz809ahOgOCpFy
Colby,Stamm,Krystal74@hotmail.com,$2b$08$BqdB1xemIuqmHk5tw9dJSOJeYrYYxZYZQJl.IAndz809ahOgOCpFy
Era,Muller,Cierra.Ward79@gmail.com,$2b$08$BqdB1xemIuqmHk5tw9dJSOJeYrYYxZYZQJl.IAndz809ahOgOCpFy
